"timestamp","username","loginStatus","ip"
"2025-06-02T17:18:12","StArGaZeR42","Success","9.63.56.29"
"2025-06-02T17:23:12","MoonChAs3r","Success","155.182.145.95"
"2025-06-02T17:44:57","QuickSiLver9","Success","223.58.107.102"
"2025-06-02T18:04:16","EchoWaves88","Failure","79.94.105.233"
"2025-06-02T18:44:29","EchoWaves88","Success","79.94.105.233"
"2025-06-02T18:32:02","MystiC_Vibe","Success","54.225.130.151"
"2025-06-02T18:47:39","ShAdOwHuNtEr","Success","181.74.250.116"
"2025-06-02T19:12:15","CosM1cDream","Success","24.63.15.145"
"2025-06-02T19:38:48","SilentWh1sper","Success","158.94.115.57"
"2025-06-02T19:47:22","Fr0stFire","Success","65.248.78.165"
